row_id,top_factors_shap,lime_top
0,"[[""feat_2"", -0.19411467081066477], [""feat_3"", 0.16177326610199655], [""feat_4"", 0.0667130703794199], [""feat_0"", 0.05980897015052031], [""feat_5"", -0.020130796994208715]]","[[""feat_2 > 1.03"", -0.3498950986033595], [""feat_3 <= 0.03"", 0.2041073138118209], [""feat_4 > 1.47"", 0.11910341300874056], [""0.17 < feat_0 <= 1.23"", 0.05314040415645695], [""-0.57 < feat_5 <= -0.14"", -0.02561703979586086]]"
1,"[[""feat_2"", 0.3100813342373428], [""feat_3"", -0.12405534544244516], [""feat_6"", 0.052637651274566606], [""feat_5"", -0.04840968834289083], [""feat_4"", -0.03103275677545067]]","[[""feat_2 <= -0.27"", 0.3836828133503261], [""feat_3 > 2.08"", -0.22515467286894877], [""0.17 < feat_0 <= 1.23"", 0.07508459496613577], [""feat_5 <= -0.57"", -0.056636841075213315], [""feat_6 > 0.69"", 0.04283088258630423]]"
2,"[[""feat_2"", 0.2683260655006159], [""feat_0"", 0.1302613375377825], [""feat_3"", 0.05669324511268269], [""feat_4"", -0.030114575372245194], [""feat_1"", -0.017708033979371856]]","[[""feat_0 > 1.23"", 0.3918936014464258], [""feat_2 <= -0.27"", 0.3809480847084075], [""feat_4 <= -0.41"", -0.11184118462099281], [""0.03 < feat_3 <= 0.92"", 0.049494291135217645], [""feat_1 <= 0.12"", -0.028917319629090138]]"
3,"[[""feat_0"", 0.21273495252640362], [""feat_4"", 0.11230842652887271], [""feat_2"", -0.11229646110236674], [""feat_3"", 0.09638546905825056], [""feat_5"", 0.06669342963942232]]","[[""feat_0 > 1.23"", 0.39029688568439275], [""feat_2 > 1.03"", -0.3557165980967521], [""feat_3 <= 0.03"", 0.22120586269019474], [""feat_4 > 1.47"", 0.1271819158903424], [""feat_5 > 0.57"", 0.09014020821604868]]"
4,"[[""feat_3"", 0.11431626345963247], [""feat_2"", -0.09128848042367775], [""feat_4"", 0.03325127331739763], [""feat_6"", -0.02757303601514878], [""feat_5"", 0.026062826390341614]]","[[""0.10 < feat_2 <= 1.03"", -0.08715329772409079], [""0.17 < feat_0 <= 1.23"", 0.06024158107103037], [""0.03 < feat_3 <= 0.92"", 0.048482185060646645], [""feat_6 <= -0.75"", -0.02891739425282378], [""0.38 < feat_4 <= 1.47"", 0.020051076832035226]]"
5,"[[""feat_2"", 0.14587622248419382], [""feat_3"", 0.05588639264602402], [""feat_0"", 0.04609785395441036], [""feat_5"", -0.03702465465438857], [""feat_6"", -0.020671419558542646]]","[[""feat_2 <= -0.27"", 0.3688596072321743], [""feat_5 <= -0.57"", -0.08510035221135216], [""0.03 < feat_3 <= 0.92"", 0.07725281769441356], [""0.17 < feat_0 <= 1.23"", 0.07355248475823623], [""feat_6 <= -0.75"", -0.03901307627145288]]"
6,"[[""feat_2"", -0.1454452483510218], [""feat_3"", -0.08625813913662814], [""feat_4"", 0.06875388496905074], [""feat_5"", 0.055433351188767604], [""feat_6"", 0.03944224442719794]]","[[""feat_4 > 1.47"", 0.12836776318718815], [""0.10 < feat_2 <= 1.03"", -0.08614014592137745], [""0.17 < feat_0 <= 1.23"", 0.07040573615857193], [""feat_5 > 0.57"", 0.06968562434811548], [""0.92 < feat_3 <= 2.08"", -0.06351401714857836]]"
7,"[[""feat_0"", -0.30614596399916455], [""feat_3"", -0.09575530882254098], [""feat_4"", -0.04222545834898677], [""feat_5"", -0.03999991510546603], [""feat_2"", -0.022574282841662848]]","[[""feat_0 <= -1.03"", -0.34402008107408816], [""feat_3 > 2.08"", -0.2104971423732768], [""feat_4 <= -0.41"", -0.09313051551355275], [""-0.27 < feat_2 <= 0.10"", 0.060837813108298645], [""feat_5 <= -0.57"", -0.05582045358986245]]"
8,"[[""feat_2"", -0.2940942919372629], [""feat_0"", -0.13409994979859383], [""feat_3"", -0.08184840126894297], [""feat_5"", -0.04541734545517648], [""feat_6"", -0.022794182971268975]]","[[""feat_2 > 1.03"", -0.34001344736228845], [""feat_3 > 2.08"", -0.21639001717582487], [""-1.03 < feat_0 <= 0.17"", -0.12046706485010948], [""feat_5 <= -0.57"", -0.04661053083634195], [""-0.41 < feat_4 <= 0.38"", -0.03311801078738517]]"
9,"[[""feat_3"", 0.1947969022914255], [""feat_2"", -0.09697727047863078], [""feat_0"", -0.09428894655161], [""feat_4"", 0.029583783571812003], [""feat_6"", -0.01983137507167324]]","[[""feat_3 <= 0.03"", 0.24359862159552148], [""-1.03 < feat_0 <= 0.17"", -0.12876352938285962], [""0.10 < feat_2 <= 1.03"", -0.09627274556962052], [""feat_6 <= -0.75"", -0.03826894917930109], [""-0.14 < feat_5 <= 0.57"", 0.023441083772776757]]"
10,"[[""feat_0"", -0.32180009565927964], [""feat_2"", -0.24121734586293303], [""feat_5"", 0.045468119854183316], [""feat_4"", -0.014904064456040117], [""feat_1"", -0.0030478819444978056]]","[[""feat_2 > 1.03"", -0.3441598247526845], [""feat_0 <= -1.03"", -0.3319424098092311], [""feat_5 > 0.57"", 0.06588336891453075], [""0.92 < feat_3 <= 2.08"", -0.06018560011903845], [""-0.41 < feat_4 <= 0.38"", -0.03615183845546439]]"
11,"[[""feat_2"", 0.22250888840297112], [""feat_3"", 0.13401726619346563], [""feat_5"", 0.06643706633935323], [""feat_0"", 0.053770239761965655], [""feat_4"", -0.04664855877469101]]","[[""feat_2 <= -0.27"", 0.38594245938657074], [""feat_3 <= 0.03"", 0.22328411524081027], [""feat_4 <= -0.41"", -0.12333478558063721], [""feat_5 > 0.57"", 0.07709504579837612], [""0.17 < feat_0 <= 1.23"", 0.06588464705169035]]"
12,"[[""feat_0"", 0.2575485468645855], [""feat_4"", 0.06473716314830509], [""feat_3"", 0.05499940601784454], [""feat_2"", 0.021471650817534705], [""feat_5"", 0.017511215047456508]]","[[""feat_0 > 1.23"", 0.40339573556405306], [""feat_4 > 1.47"", 0.12329575343137174], [""feat_5 > 0.57"", 0.0833702384995544], [""0.03 < feat_3 <= 0.92"", 0.052452266643680336], [""-0.27 < feat_2 <= 0.10"", 0.04790952503701368]]"
13,"[[""feat_0"", 0.36436417111174174], [""feat_2"", -0.26373463544436704], [""feat_4"", 0.17927939620758454], [""feat_6"", -0.021471458010551205], [""feat_1"", 0.01530616927737841]]","[[""feat_0 > 1.23"", 0.40312103966075785], [""feat_2 > 1.03"", -0.3469793199437303], [""feat_4 > 1.47"", 0.12912783246365345], [""0.92 < feat_3 <= 2.08"", -0.05223876021970956], [""feat_6 <= -0.75"", -0.03351102934085218]]"
14,"[[""feat_0"", 0.2354378287781033], [""feat_3"", 0.07805750623394703], [""feat_4"", 0.037551331289804035], [""feat_5"", 0.03692799096583135], [""feat_2"", 0.035309857258490104]]","[[""feat_0 > 1.23"", 0.4010095262461684], [""feat_2 <= -0.27"", 0.3777320944637132], [""feat_3 <= 0.03"", 0.21311958895253716], [""feat_4 > 1.47"", 0.12701444849457988], [""feat_5 > 0.57"", 0.0743769608028476]]"
15,"[[""feat_0"", -0.3287535689562304], [""feat_3"", 0.09056826267179666], [""feat_5"", 0.04185498299829589], [""feat_6"", 0.031436473418200904], [""feat_1"", -0.018319435237634032]]","[[""feat_0 <= -1.03"", -0.36180632217612063], [""feat_5 > 0.57"", 0.07151871519443448], [""0.03 < feat_3 <= 0.92"", 0.058690476413143663], [""feat_6 > 0.69"", 0.04902078090852231], [""-0.27 < feat_2 <= 0.10"", 0.039312087232709673]]"
16,"[[""feat_2"", 0.2843527955944402], [""feat_0"", 0.11764906094448296], [""feat_3"", 0.07941734550888892], [""feat_6"", -0.034764107804714964], [""feat_4"", -0.03132400713100154]]","[[""feat_0 > 1.23"", 0.4139416988103609], [""feat_2 <= -0.27"", 0.37381386911902853], [""feat_3 <= 0.03"", 0.2168301943491682], [""feat_4 <= -0.41"", -0.11115153993994242], [""feat_6 <= -0.75"", -0.0366900709960302]]"
17,"[[""feat_0"", -0.27505650167846474], [""feat_2"", -0.1855865295838359], [""feat_3"", -0.031583847872990053], [""feat_4"", -0.02298620756629673], [""feat_5"", -0.012526642023018935]]","[[""feat_0 <= -1.03"", -0.35519143716068097], [""0.10 < feat_2 <= 1.03"", -0.09576920104978798], [""0.92 < feat_3 <= 2.08"", -0.044223533908253086], [""-0.41 < feat_4 <= 0.38"", -0.02835974571319463], [""1.03 < feat_1 <= 1.89"", 0.020772732971505906]]"
18,"[[""feat_0"", 0.37904988776083887], [""feat_2"", -0.11925257257250763], [""feat_4"", 0.07419620171579165], [""feat_5"", 0.018950243384873305], [""feat_3"", 0.010861618854060862]]","[[""feat_0 > 1.23"", 0.40371566649337914], [""feat_2 > 1.03"", -0.34693461642458095], [""feat_4 > 1.47"", 0.13464828286529434], [""0.92 < feat_3 <= 2.08"", -0.064021557930381], [""feat_7 <= 0.45"", 0.01547202353066465]]"
19,"[[""feat_2"", -0.39318606512633386], [""feat_0"", -0.17812163834379813], [""feat_3"", 0.0707999837905195], [""feat_5"", -0.02877083610597366], [""feat_4"", 0.020355704244091524]]","[[""feat_2 > 1.03"", -0.3631488685293688], [""feat_3 <= 0.03"", 0.19505566351501932], [""-1.03 < feat_0 <= 0.17"", -0.12414004312803405], [""-0.57 < feat_5 <= -0.14"", -0.04134223925507726], [""0.10 < feat_6 <= 0.69"", 0.02172266493103196]]"
20,"[[""feat_3"", -0.23855842084748097], [""feat_0"", 0.14770523571119804], [""feat_2"", -0.07877896610240971], [""feat_5"", -0.054544842001014525], [""feat_1"", 0.020737364635386658]]","[[""feat_0 > 1.23"", 0.4006838712844196], [""feat_3 > 2.08"", -0.2116432147786787], [""0.10 < feat_2 <= 1.03"", -0.08791917239607204], [""feat_5 <= -0.57"", -0.07129301373234423], [""0.38 < feat_4 <= 1.47"", 0.0350369666923987]]"
21,"[[""feat_0"", -0.2133276594429245], [""feat_5"", -0.05664422232653656], [""feat_3"", 0.04717965674086643], [""feat_1"", -0.012776999317216358], [""feat_6"", 0.007310326908009552]]","[[""-1.03 < feat_0 <= 0.17"", -0.13157980457969273], [""-0.27 < feat_2 <= 0.10"", 0.07777798233495993], [""feat_5 <= -0.57"", -0.0654553425472916], [""0.03 < feat_3 <= 0.92"", 0.05994003108178559], [""0.38 < feat_4 <= 1.47"", 0.025647007086783805]]"
22,"[[""feat_0"", 0.3590253363205229], [""feat_4"", 0.07294501682565754], [""feat_2"", -0.03726318938976887], [""feat_5"", -0.018486101818026825], [""feat_3"", 0.012577860568046885]]","[[""feat_0 > 1.23"", 0.4041124906025211], [""feat_4 > 1.47"", 0.13434301605707652], [""0.10 < feat_2 <= 1.03"", -0.09211881823582639], [""feat_5 <= -0.57"", -0.05747527226959383], [""0.92 < feat_3 <= 2.08"", -0.05553098413191558]]"
23,"[[""feat_0"", -0.4233517678103156], [""feat_2"", -0.05380512602659293], [""feat_4"", -0.024480928947459752], [""feat_6"", -0.014313434141053861], [""feat_1"", -0.011731196652017873]]","[[""feat_0 <= -1.03"", -0.3634270266453595], [""-0.27 < feat_2 <= 0.10"", 0.054409657094550194], [""0.03 < feat_3 <= 0.92"", 0.044833318004607305], [""-0.41 < feat_4 <= 0.38"", -0.041713353105773766], [""feat_1 <= 0.12"", -0.023077401207536444]]"
24,"[[""feat_0"", -0.40111167665496655], [""feat_5"", 0.07017853766537795], [""feat_2"", -0.057264485909725014], [""feat_4"", -0.03691395101344343], [""feat_3"", 0.01978356139004165]]","[[""feat_0 <= -1.03"", -0.3676856825344505], [""feat_5 > 0.57"", 0.08655164976603184], [""0.10 < feat_2 <= 1.03"", -0.08504630242738402], [""-0.41 < feat_4 <= 0.38"", -0.05393546556494713], [""0.03 < feat_3 <= 0.92"", 0.048254328814975336]]"
25,"[[""feat_3"", -0.2564733314678331], [""feat_2"", -0.17366568464081494], [""feat_0"", -0.050329938993481746], [""feat_4"", -0.0423606690187878], [""feat_5"", 0.02623445167092043]]","[[""feat_3 > 2.08"", -0.23439772211501836], [""feat_5 > 0.57"", 0.09098661976456592], [""0.17 < feat_0 <= 1.23"", 0.08489524203166104], [""0.10 < feat_2 <= 1.03"", -0.08179842030379225], [""feat_1 > 1.89"", 0.038457283875299356]]"
26,"[[""feat_0"", -0.320160804026889], [""feat_3"", 0.1275450456387397], [""feat_5"", -0.024968746308762668], [""feat_6"", -0.02219775204167614], [""feat_4"", -0.01486986361979996]]","[[""feat_0 <= -1.03"", -0.34416159093071597], [""feat_3 <= 0.03"", 0.21020398148570096], [""-0.41 < feat_4 <= 0.38"", -0.050588479355877604], [""-0.27 < feat_2 <= 0.10"", 0.04280934902485093], [""feat_6 <= -0.75"", -0.022119388815712397]]"
27,"[[""feat_2"", -0.18387534441691517], [""feat_3"", 0.13617656557543656], [""feat_0"", -0.11334973079739866], [""feat_4"", 0.07162997098301915], [""feat_6"", 0.022197103037829402]]","[[""feat_3 <= 0.03"", 0.20910523271682843], [""-1.03 < feat_0 <= 0.17"", -0.13740740712633318], [""feat_4 > 1.47"", 0.13171949308332775], [""0.10 < feat_2 <= 1.03"", -0.08916243064440349], [""feat_6 > 0.69"", 0.0282823496739946]]"
28,"[[""feat_3"", 0.38258204089729103], [""feat_2"", 0.04256090470348911], [""feat_4"", -0.039627714997457396], [""feat_6"", -0.03781875157858562], [""feat_1"", -0.037661794492036105]]","[[""feat_2 <= -0.27"", 0.4055511290609284], [""feat_3 <= 0.03"", 0.21119186040972876], [""-1.03 < feat_0 <= 0.17"", -0.12062435893411362], [""feat_4 <= -0.41"", -0.10804486143404207], [""feat_5 <= -0.57"", -0.06390014550724393]]"
29,"[[""feat_0"", -0.18371228972219672], [""feat_2"", -0.1750809922872142], [""feat_3"", -0.1744326977039453], [""feat_4"", -0.04012686931475871], [""feat_1"", 0.007971435968430328]]","[[""feat_2 > 1.03"", -0.3388801532764666], [""feat_3 > 2.08"", -0.22245927145392083], [""-1.03 < feat_0 <= 0.17"", -0.12288555896513881], [""feat_4 <= -0.41"", -0.10875172632978675], [""feat_1 > 1.89"", 0.021560360482520156]]"
30,"[[""feat_0"", -0.03758324357710838], [""feat_6"", 0.03527080160971942], [""feat_4"", 0.028175454624066978], [""feat_2"", -0.026259242697239338], [""feat_3"", 0.026160876800214845]]","[[""-1.03 < feat_0 <= 0.17"", -0.13065602567470927], [""feat_6 > 0.69"", 0.050943970294520385], [""0.03 < feat_3 <= 0.92"", 0.050926368576084194], [""-0.27 < feat_2 <= 0.10"", 0.04566374083301237], [""0.38 < feat_4 <= 1.47"", 0.029451850510101893]]"
31,"[[""feat_2"", -0.3570723794964671], [""feat_5"", -0.04230441592869773], [""feat_0"", -0.026030884538195406], [""feat_4"", 0.02284433811939761], [""feat_1"", 0.01237156967372868]]","[[""feat_2 > 1.03"", -0.3431193985712743], [""0.92 < feat_3 <= 2.08"", -0.05740654646844107], [""0.17 < feat_0 <= 1.23"", 0.05662098297790872], [""feat_1 > 1.89"", 0.033847181527087225], [""0.38 < feat_4 <= 1.47"", 0.030770286197074587]]"
32,"[[""feat_2"", 0.2527876262279443], [""feat_0"", 0.053494557474000386], [""feat_5"", 0.017283690718488398], [""feat_4"", 0.01505666011338633], [""feat_1"", 0.007238498631216611]]","[[""feat_2 <= -0.27"", 0.3809216945539106], [""0.17 < feat_0 <= 1.23"", 0.05982319338008801], [""0.92 < feat_3 <= 2.08"", -0.05406118153376476], [""0.38 < feat_4 <= 1.47"", 0.03879912536784156], [""feat_1 > 1.89"", 0.03454281355253184]]"
33,"[[""feat_0"", -0.2522081992996126], [""feat_3"", -0.1448280034606542], [""feat_2"", -0.0627134627083668], [""feat_4"", -0.055207986597150434], [""feat_6"", 0.020235022382243614]]","[[""feat_3 > 2.08"", -0.20783245311473658], [""-1.03 < feat_0 <= 0.17"", -0.11780344271081115], [""feat_4 <= -0.41"", -0.11199517105709927], [""0.10 < feat_2 <= 1.03"", -0.09860469787932805], [""-0.57 < feat_5 <= -0.14"", -0.028479804486467565]]"
34,"[[""feat_0"", 0.25644735762660714], [""feat_2"", 0.1047541770309704], [""feat_4"", 0.057713532511877455], [""feat_3"", -0.04154842440279064], [""feat_6"", 0.012885075696250569]]","[[""feat_0 > 1.23"", 0.3988897388273559], [""feat_2 <= -0.27"", 0.39654418382216544], [""feat_4 > 1.47"", 0.11359862894661896], [""0.92 < feat_3 <= 2.08"", -0.048554743394854286], [""feat_6 > 0.69"", 0.04268286212109602]]"
35,"[[""feat_0"", -0.42974748109939614], [""feat_4"", -0.055165640886328526], [""feat_5"", 0.029328415561957137], [""feat_6"", 0.017960299759941612], [""feat_3"", 0.01482417318422222]]","[[""feat_0 <= -1.03"", -0.3521212244745824], [""feat_4 <= -0.41"", -0.105045518332835], [""feat_5 > 0.57"", 0.07284242728785817], [""0.03 < feat_3 <= 0.92"", 0.05641210445008019], [""feat_6 > 0.69"", 0.04501645910178767]]"
36,"[[""feat_2"", -0.479889163731608], [""feat_0"", -0.13962317199316074], [""feat_3"", 0.12901666461937325], [""feat_5"", 0.08923386007636648], [""feat_4"", 0.0331452760842545]]","[[""feat_2 > 1.03"", -0.35031355132925074], [""feat_3 <= 0.03"", 0.2198241365539727], [""feat_4 > 1.47"", 0.1324482581662606], [""-1.03 < feat_0 <= 0.17"", -0.12249271697435976], [""feat_5 > 0.57"", 0.08153742033871986]]"
37,"[[""feat_0"", 0.31144578462546446], [""feat_4"", 0.06763710610278055], [""feat_3"", -0.05255068591129509], [""feat_2"", 0.04690243429073486], [""feat_5"", 0.04355185852480954]]","[[""feat_0 > 1.23"", 0.3936255045175963], [""feat_2 <= -0.27"", 0.3903783334853896], [""feat_3 > 2.08"", -0.21501521885518735], [""feat_4 > 1.47"", 0.11982440997414959], [""feat_5 > 0.57"", 0.07920486388977792]]"
38,"[[""feat_0"", -0.2717111626658679], [""feat_3"", -0.1338719253471386], [""feat_2"", -0.07211213648889839], [""feat_4"", -0.05872748920877917], [""feat_5"", -0.04378473040136954]]","[[""feat_0 <= -1.03"", -0.35006293808161204], [""feat_3 > 2.08"", -0.21391769187072573], [""feat_4 <= -0.41"", -0.10999525674738021], [""0.10 < feat_2 <= 1.03"", -0.09373301567297053], [""feat_5 <= -0.57"", -0.06121217566240295]]"
39,"[[""feat_3"", -0.12707039393368325], [""feat_0"", -0.06329709573073775], [""feat_4"", -0.04143615908179581], [""feat_2"", -0.017461905821002682], [""feat_1"", 0.011829514966715379]]","[[""feat_3 > 2.08"", -0.19865124567684936], [""feat_1 > 1.89"", 0.04935758002529532], [""0.17 < feat_0 <= 1.23"", 0.04418172677578837], [""-0.27 < feat_2 <= 0.10"", 0.03903643454494], [""-0.41 < feat_4 <= 0.38"", -0.03196058835206538]]"
40,"[[""feat_2"", -0.3269817223258749], [""feat_0"", 0.17228968480711146], [""feat_3"", -0.10073713819443489], [""feat_5"", -0.0905391260803497], [""feat_1"", 0.034869973953242366]]","[[""feat_0 > 1.23"", 0.4137622820919866], [""feat_2 > 1.03"", -0.34147732504087897], [""feat_3 > 2.08"", -0.22236001567282196], [""feat_5 <= -0.57"", -0.05178594850288227], [""feat_6 <= -0.75"", -0.046982143955651264]]"
41,"[[""feat_0"", -0.3724332884361897], [""feat_3"", -0.11968519886521857], [""feat_4"", -0.04383740039739134], [""feat_2"", -0.0383445394517163], [""feat_5"", 0.015850169161296297]]","[[""feat_0 <= -1.03"", -0.36495252406944995], [""feat_3 > 2.08"", -0.21998309311347844], [""feat_4 <= -0.41"", -0.10894735916693706], [""feat_5 > 0.57"", 0.06624249643819759], [""-0.27 < feat_2 <= 0.10"", 0.04208763069197609]]"
42,"[[""feat_0"", -0.2554720369033567], [""feat_2"", -0.1732888745848536], [""feat_3"", -0.08141052770026018], [""feat_4"", -0.027845406364340866], [""feat_6"", 0.015663504456883227]]","[[""feat_0 <= -1.03"", -0.3599475889600617], [""0.10 < feat_2 <= 1.03"", -0.10265284638671633], [""0.92 < feat_3 <= 2.08"", -0.06293660173160026], [""feat_6 > 0.69"", 0.038258385938794416], [""-0.41 < feat_4 <= 0.38"", -0.029714002301631657]]"
43,"[[""feat_0"", -0.2965809273220999], [""feat_2"", -0.21826447900867324], [""feat_3"", 0.02996926737638871], [""feat_4"", -0.023589254453646846], [""feat_5"", -0.013330962705207346]]","[[""feat_2 > 1.03"", -0.35839265046729596], [""feat_0 <= -1.03"", -0.32841318837549954], [""0.03 < feat_3 <= 0.92"", 0.05633766162767446], [""-0.41 < feat_4 <= 0.38"", -0.03795809250736611], [""-0.57 < feat_5 <= -0.14"", -0.025855466405503673]]"
44,"[[""feat_0"", 0.26592876798248927], [""feat_2"", 0.08428984314732169], [""feat_4"", 0.059490918991321654], [""feat_5"", 0.009113667709449928], [""feat_3"", 0.0058852653378928844]]","[[""feat_0 > 1.23"", 0.39862406592380983], [""feat_2 <= -0.27"", 0.39549638692162226], [""feat_4 > 1.47"", 0.13304685071289135], [""0.92 < feat_3 <= 2.08"", -0.04617300913500403], [""-0.14 < feat_5 <= 0.57"", 0.016346935149401415]]"
45,"[[""feat_3"", 0.2103076085796306], [""feat_0"", 0.10705196694995367], [""feat_4"", 0.04022593848456892], [""feat_5"", -0.03812724136062364], [""feat_2"", 0.016330088241215845]]","[[""feat_3 <= 0.03"", 0.2180500825958926], [""feat_5 <= -0.57"", -0.05589307591483597], [""-0.27 < feat_2 <= 0.10"", 0.053858310672294865], [""0.17 < feat_0 <= 1.23"", 0.05307818865263688], [""feat_1 <= 0.12"", -0.043075309252360396]]"
46,"[[""feat_3"", 0.2557745991187736], [""feat_2"", -0.21654568733675703], [""feat_0"", -0.09590788630221837], [""feat_5"", -0.030777406126235467], [""feat_4"", 0.019570170213697613]]","[[""feat_2 > 1.03"", -0.3445952312485906], [""feat_3 <= 0.03"", 0.22977082843193247], [""-1.03 < feat_0 <= 0.17"", -0.11581820808398056], [""feat_6 > 0.69"", 0.05080353348018455], [""feat_1 <= 0.12"", -0.03516239018876345]]"
47,"[[""feat_2"", 0.5354199205682657], [""feat_0"", -0.10829586805329272], [""feat_4"", -0.09365047609578506], [""feat_3"", 0.07037458877931439], [""feat_5"", -0.04291371533920131]]","[[""feat_2 <= -0.27"", 0.4023788784733804], [""-1.03 < feat_0 <= 0.17"", -0.11763986101488186], [""feat_4 <= -0.41"", -0.10835373245640206], [""feat_5 <= -0.57"", -0.06399105335753959], [""0.03 < feat_3 <= 0.92"", 0.05087930939093528]]"
48,"[[""feat_2"", 0.4902715758147377], [""feat_4"", -0.10208284004483832], [""feat_3"", -0.06159875705643919], [""feat_6"", 0.03384109734676318], [""feat_5"", -0.03357668125096794]]","[[""feat_2 <= -0.27"", 0.39237379727372185], [""feat_3 > 2.08"", -0.2088601268780538], [""feat_4 <= -0.41"", -0.11632066863844129], [""feat_5 <= -0.57"", -0.06536233767688729], [""0.17 < feat_0 <= 1.23"", 0.05791173861411052]]"
49,"[[""feat_0"", -0.38841608356313523], [""feat_2"", -0.043501817868322724], [""feat_4"", -0.0340974186430814], [""feat_5"", -0.02027380911659823], [""feat_3"", -0.014080311419365731]]","[[""feat_0 <= -1.03"", -0.33033102126163144], [""feat_4 <= -0.41"", -0.110862735199921], [""0.92 < feat_3 <= 2.08"", -0.05955681919820561], [""feat_1 <= 0.12"", -0.03755047965965644], [""-0.27 < feat_2 <= 0.10"", 0.035782524654647395]]"
